<?xml version="1.0" encoding="UTF-8"?>
<!-- IMPORTANT: This is an internal file that has been generated
     by the Xilinx ISE software.  Any direct editing or
     changes made to this file may result in unpredictable
     behavior or data corruption.  It is strongly advised that
     users do not edit the contents of this file. -->
<DeviceUsageSummary rev="15">
<DesignStatistics TimeStamp="Sun Apr 14 18:48:06 2013"><group name="NetStatistics">
<item name="NumNets_Active" rev="15">
<attrib name="value" value="133"/></item>
<item name="NumNets_Gnd" rev="15">
<attrib name="value" value="1"/></item>
<item name="NumNets_Vcc" rev="15">
<attrib name="value" value="1"/></item>
<item name="NumNodesOfType_Active_BOUNCEIN" rev="15">
<attrib name="value" value="17"/></item>
<item name="NumNodesOfType_Active_BUFGOUT" rev="15">
<attrib name="value" value="2"/></item>
<item name="NumNodesOfType_Active_BUFHINP2OUT" rev="15">
<attrib name="value" value="4"/></item>
<item name="NumNodesOfType_Active_CLKPIN" rev="15">
<attrib name="value" value="11"/></item>
<item name="NumNodesOfType_Active_CLKPINFEED" rev="15">
<attrib name="value" value="8"/></item>
<item name="NumNodesOfType_Active_CNTRLPIN" rev="15">
<attrib name="value" value="11"/></item>
<item name="NumNodesOfType_Active_DOUBLE" rev="15">
<attrib name="value" value="262"/></item>
<item name="NumNodesOfType_Active_GENERIC" rev="15">
<attrib name="value" value="13"/></item>
<item name="NumNodesOfType_Active_GLOBAL" rev="15">
<attrib name="value" value="27"/></item>
<item name="NumNodesOfType_Active_INPUT" rev="15">
<attrib name="value" value="163"/></item>
<item name="NumNodesOfType_Active_IOBIN2OUT" rev="15">
<attrib name="value" value="11"/></item>
<item name="NumNodesOfType_Active_IOBOUTPUT" rev="15">
<attrib name="value" value="11"/></item>
<item name="NumNodesOfType_Active_LUTINPUT" rev="15">
<attrib name="value" value="293"/></item>
<item name="NumNodesOfType_Active_OUTBOUND" rev="15">
<attrib name="value" value="150"/></item>
<item name="NumNodesOfType_Active_OUTPUT" rev="15">
<attrib name="value" value="128"/></item>
<item name="NumNodesOfType_Active_PADINPUT" rev="15">
<attrib name="value" value="10"/></item>
<item name="NumNodesOfType_Active_PADOUTPUT" rev="15">
<attrib name="value" value="2"/></item>
<item name="NumNodesOfType_Active_PINBOUNCE" rev="15">
<attrib name="value" value="66"/></item>
<item name="NumNodesOfType_Active_PINFEED" rev="15">
<attrib name="value" value="461"/></item>
<item name="NumNodesOfType_Active_QUAD" rev="15">
<attrib name="value" value="233"/></item>
<item name="NumNodesOfType_Active_REGINPUT" rev="15">
<attrib name="value" value="7"/></item>
<item name="NumNodesOfType_Active_SINGLE" rev="15">
<attrib name="value" value="270"/></item>
<item name="NumNodesOfType_Gnd_BOUNCEIN" rev="15">
<attrib name="value" value="116"/></item>
<item name="NumNodesOfType_Gnd_CLKPIN" rev="15">
<attrib name="value" value="1"/></item>
<item name="NumNodesOfType_Gnd_DOUBLE" rev="15">
<attrib name="value" value="1"/></item>
<item name="NumNodesOfType_Gnd_HGNDOUT" rev="15">
<attrib name="value" value="40"/></item>
<item name="NumNodesOfType_Gnd_INPUT" rev="15">
<attrib name="value" value="964"/></item>
<item name="NumNodesOfType_Gnd_OUTBOUND" rev="15">
<attrib name="value" value="1"/></item>
<item name="NumNodesOfType_Gnd_OUTPUT" rev="15">
<attrib name="value" value="1"/></item>
<item name="NumNodesOfType_Gnd_PINBOUNCE" rev="15">
<attrib name="value" value="236"/></item>
<item name="NumNodesOfType_Gnd_PINFEED" rev="15">
<attrib name="value" value="868"/></item>
<item name="NumNodesOfType_Vcc_HVCCOUT" rev="15">
<attrib name="value" value="10"/></item>
<item name="NumNodesOfType_Vcc_INPUT" rev="15">
<attrib name="value" value="7"/></item>
<item name="NumNodesOfType_Vcc_KVCCOUT" rev="15">
<attrib name="value" value="4"/></item>
<item name="NumNodesOfType_Vcc_LUTINPUT" rev="15">
<attrib name="value" value="21"/></item>
<item name="NumNodesOfType_Vcc_PINBOUNCE" rev="15">
<attrib name="value" value="2"/></item>
<item name="NumNodesOfType_Vcc_PINFEED" rev="15">
<attrib name="value" value="28"/></item>
<item name="NumNodesOfType_Vcc_REGINPUT" rev="15">
<attrib name="value" value="2"/></item>
</group>
<group name="SiteStatistics">
<item name="BUFG-BUFGMUX" rev="15">
<attrib name="value" value="2"/></item>
<item name="IOB-IOBM" rev="15">
<attrib name="value" value="5"/></item>
<item name="IOB-IOBS" rev="15">
<attrib name="value" value="7"/></item>
<item name="SLICEL-SLICEM" rev="15">
<attrib name="value" value="6"/></item>
<item name="SLICEX-SLICEL" rev="15">
<attrib name="value" value="10"/></item>
<item name="SLICEX-SLICEM" rev="15">
<attrib name="value" value="7"/></item>
</group>
<group name="MiscellaneousStatistics">
<item name="AGG_BONDED_IO" rev="14">
<attrib name="value" value="12"/></item>
<item name="AGG_IO" rev="14">
<attrib name="value" value="12"/></item>
<item name="AGG_LOCED_IO" rev="14">
<attrib name="value" value="12"/></item>
<item name="AGG_SLICE" rev="14">
<attrib name="value" value="39"/></item>
<item name="NUM_BONDED_IOB" rev="14">
<attrib name="value" value="12"/></item>
<item name="NUM_BSFULL" rev="14">
<attrib name="value" value="25"/></item>
<item name="NUM_BSLUTONLY" rev="14">
<attrib name="value" value="48"/></item>
<item name="NUM_BSREGONLY" rev="14">
<attrib name="value" value="5"/></item>
<item name="NUM_BSUSED" rev="14">
<attrib name="value" value="78"/></item>
<item name="NUM_BUFG" rev="14">
<attrib name="value" value="2"/></item>
<item name="NUM_DSP48A1" rev="14">
<attrib name="value" value="1"/></item>
<item name="NUM_LOCED_IOB" rev="14">
<attrib name="value" value="12"/></item>
<item name="NUM_LOGIC_O5ANDO6" rev="14">
<attrib name="value" value="20"/></item>
<item name="NUM_LOGIC_O6ONLY" rev="14">
<attrib name="value" value="53"/></item>
<item name="NUM_LUT_RT_O5" rev="14">
<attrib name="value" value="1"/></item>
<item name="NUM_RAMB16BWER" rev="14">
<attrib name="value" value="8"/></item>
<item name="NUM_RAMB8BWER" rev="14">
<attrib name="value" value="1"/></item>
<item name="NUM_SLICEL" rev="14">
<attrib name="value" value="6"/></item>
<item name="NUM_SLICEX" rev="14">
<attrib name="value" value="33"/></item>
<item name="NUM_SLICE_CARRY4" rev="14">
<attrib name="value" value="6"/></item>
<item name="NUM_SLICE_CONTROLSET" rev="14">
<attrib name="value" value="6"/></item>
<item name="NUM_SLICE_CYINIT" rev="14">
<attrib name="value" value="94"/></item>
<item name="NUM_SLICE_FF" rev="14">
<attrib name="value" value="31"/></item>
<item name="NUM_SLICE_UNUSEDCTRL" rev="14">
<attrib name="value" value="28"/></item>
<item name="NUM_UNUSABLE_FF_BELS" rev="14">
<attrib name="value" value="33"/></item>
<item name="Xilinx Core blk_mem_gen_v6_2, Xilinx CORE Generator 13.3" rev="14">
<attrib name="value" value="1"/></item>
</group>
</DesignStatistics>
<DeviceUsage TimeStamp="Sun Apr 14 18:48:06 2013"><group name="SiteSummary">
<item name="BUFG" rev="15">
<attrib name="total" value="1000000"/><attrib name="used" value="2"/></item>
<item name="BUFG_BUFG" rev="15">
<attrib name="total" value="1000000"/><attrib name="used" value="2"/></item>
<item name="CARRY4" rev="15">
<attrib name="total" value="1000000"/><attrib name="used" value="6"/></item>
<item name="DSP48A1" rev="15">
<attrib name="total" value="1000000"/><attrib name="used" value="1"/></item>
<item name="DSP48A1_DSP48A1" rev="15">
<attrib name="total" value="1000000"/><attrib name="used" value="1"/></item>
<item name="FF_SR" rev="15">
<attrib name="total" value="1000000"/><attrib name="used" value="1"/></item>
<item name="IOB" rev="15">
<attrib name="total" value="1000000"/><attrib name="used" value="12"/></item>
<item name="IOB_IMUX" rev="15">
<attrib name="total" value="1000000"/><attrib name="used" value="2"/></item>
<item name="IOB_INBUF" rev="15">
<attrib name="total" value="1000000"/><attrib name="used" value="2"/></item>
<item name="IOB_OUTBUF" rev="15">
<attrib name="total" value="1000000"/><attrib name="used" value="10"/></item>
<item name="LUT5" rev="15">
<attrib name="total" value="1000000"/><attrib name="used" value="21"/></item>
<item name="LUT6" rev="15">
<attrib name="total" value="1000000"/><attrib name="used" value="73"/></item>
<item name="PAD" rev="15">
<attrib name="total" value="1000000"/><attrib name="used" value="12"/></item>
<item name="RAMB16BWER" rev="15">
<attrib name="total" value="1000000"/><attrib name="used" value="8"/></item>
<item name="RAMB16BWER_RAMB16BWER" rev="15">
<attrib name="total" value="1000000"/><attrib name="used" value="8"/></item>
<item name="RAMB8BWER" rev="15">
<attrib name="total" value="1000000"/><attrib name="used" value="1"/></item>
<item name="RAMB8BWER_RAMB8BWER" rev="15">
<attrib name="total" value="1000000"/><attrib name="used" value="1"/></item>
<item name="REG_SR" rev="15">
<attrib name="total" value="1000000"/><attrib name="used" value="30"/></item>
<item name="SLICEL" rev="15">
<attrib name="total" value="1000000"/><attrib name="used" value="6"/></item>
<item name="SLICEX" rev="15">
<attrib name="total" value="1000000"/><attrib name="used" value="33"/></item>
</group>
</DeviceUsage>
<ReportConfigData TimeStamp="Sun Apr 14 18:48:06 2013"><group name="DSP48A1">
<item name="CEA" rev="15">
<attrib name="CEA_INV" value="0"/><attrib name="CEA" value="1"/></item>
<item name="CEB" rev="15">
<attrib name="CEB_INV" value="0"/><attrib name="CEB" value="1"/></item>
<item name="CEC" rev="15">
<attrib name="CEC" value="1"/><attrib name="CEC_INV" value="0"/></item>
<item name="CECARRYIN" rev="15">
<attrib name="CECARRYIN_INV" value="0"/><attrib name="CECARRYIN" value="1"/></item>
<item name="CED" rev="15">
<attrib name="CED_INV" value="0"/><attrib name="CED" value="1"/></item>
<item name="CEM" rev="15">
<attrib name="CEM_INV" value="0"/><attrib name="CEM" value="1"/></item>
<item name="CEOPMODE" rev="15">
<attrib name="CEOPMODE_INV" value="0"/><attrib name="CEOPMODE" value="1"/></item>
<item name="CEP" rev="15">
<attrib name="CEP" value="1"/><attrib name="CEP_INV" value="0"/></item>
<item name="CLK" rev="15">
<attrib name="CLK" value="1"/><attrib name="CLK_INV" value="0"/></item>
<item name="RSTA" rev="15">
<attrib name="RSTA" value="1"/><attrib name="RSTA_INV" value="0"/></item>
<item name="RSTB" rev="15">
<attrib name="RSTB" value="1"/><attrib name="RSTB_INV" value="0"/></item>
<item name="RSTC" rev="15">
<attrib name="RSTC_INV" value="0"/><attrib name="RSTC" value="1"/></item>
<item name="RSTCARRYIN" rev="15">
<attrib name="RSTCARRYIN_INV" value="0"/><attrib name="RSTCARRYIN" value="1"/></item>
<item name="RSTD" rev="15">
<attrib name="RSTD_INV" value="0"/><attrib name="RSTD" value="1"/></item>
<item name="RSTM" rev="15">
<attrib name="RSTM" value="1"/><attrib name="RSTM_INV" value="0"/></item>
<item name="RSTOPMODE" rev="15">
<attrib name="RSTOPMODE_INV" value="0"/><attrib name="RSTOPMODE" value="1"/></item>
<item name="RSTP" rev="15">
<attrib name="RSTP_INV" value="0"/><attrib name="RSTP" value="1"/></item>
</group>
<group name="REG_SR">
<item name="CK" rev="15">
<attrib name="CK" value="30"/><attrib name="CK_INV" value="0"/></item>
<item name="LATCH_OR_FF" rev="15">
<attrib name="FF" value="30"/></item>
<item name="SRINIT" rev="15">
<attrib name="SRINIT0" value="30"/></item>
<item name="SYNC_ATTR" rev="15">
<attrib name="ASYNC" value="28"/><attrib name="SYNC" value="2"/></item>
</group>
<group name="DSP48A1_DSP48A1">
<item name="A0REG" rev="15">
<attrib name="0" value="1"/></item>
<item name="A1REG" rev="15">
<attrib name="0" value="1"/></item>
<item name="B0REG" rev="15">
<attrib name="0" value="1"/></item>
<item name="B1REG" rev="15">
<attrib name="0" value="1"/></item>
<item name="B_INPUT" rev="15">
<attrib name="DIRECT" value="1"/></item>
<item name="CARRYINREG" rev="15">
<attrib name="0" value="1"/></item>
<item name="CARRYINSEL" rev="15">
<attrib name="OPMODE5" value="1"/></item>
<item name="CARRYOUTREG" rev="15">
<attrib name="0" value="1"/></item>
<item name="CEA" rev="15">
<attrib name="CEA_INV" value="0"/><attrib name="CEA" value="1"/></item>
<item name="CEB" rev="15">
<attrib name="CEB_INV" value="0"/><attrib name="CEB" value="1"/></item>
<item name="CEC" rev="15">
<attrib name="CEC" value="1"/><attrib name="CEC_INV" value="0"/></item>
<item name="CECARRYIN" rev="15">
<attrib name="CECARRYIN_INV" value="0"/><attrib name="CECARRYIN" value="1"/></item>
<item name="CED" rev="15">
<attrib name="CED_INV" value="0"/><attrib name="CED" value="1"/></item>
<item name="CEM" rev="15">
<attrib name="CEM_INV" value="0"/><attrib name="CEM" value="1"/></item>
<item name="CEOPMODE" rev="15">
<attrib name="CEOPMODE_INV" value="0"/><attrib name="CEOPMODE" value="1"/></item>
<item name="CEP" rev="15">
<attrib name="CEP" value="1"/><attrib name="CEP_INV" value="0"/></item>
<item name="CLK" rev="15">
<attrib name="CLK" value="1"/><attrib name="CLK_INV" value="0"/></item>
<item name="CREG" rev="15">
<attrib name="0" value="1"/></item>
<item name="DREG" rev="15">
<attrib name="0" value="1"/></item>
<item name="MREG" rev="15">
<attrib name="0" value="1"/></item>
<item name="OPMODEREG" rev="15">
<attrib name="0" value="1"/></item>
<item name="PREG" rev="15">
<attrib name="0" value="1"/></item>
<item name="RSTA" rev="15">
<attrib name="RSTA" value="1"/><attrib name="RSTA_INV" value="0"/></item>
<item name="RSTB" rev="15">
<attrib name="RSTB" value="1"/><attrib name="RSTB_INV" value="0"/></item>
<item name="RSTC" rev="15">
<attrib name="RSTC_INV" value="0"/><attrib name="RSTC" value="1"/></item>
<item name="RSTCARRYIN" rev="15">
<attrib name="RSTCARRYIN_INV" value="0"/><attrib name="RSTCARRYIN" value="1"/></item>
<item name="RSTD" rev="15">
<attrib name="RSTD_INV" value="0"/><attrib name="RSTD" value="1"/></item>
<item name="RSTM" rev="15">
<attrib name="RSTM" value="1"/><attrib name="RSTM_INV" value="0"/></item>
<item name="RSTOPMODE" rev="15">
<attrib name="RSTOPMODE_INV" value="0"/><attrib name="RSTOPMODE" value="1"/></item>
<item name="RSTP" rev="15">
<attrib name="RSTP_INV" value="0"/><attrib name="RSTP" value="1"/></item>
<item name="RSTTYPE" rev="15">
<attrib name="SYNC" value="1"/></item>
</group>
<group name="SLICEL">
<item name="CLK" rev="15">
<attrib name="CLK" value="6"/><attrib name="CLK_INV" value="0"/></item>
</group>
<group name="IOB_OUTBUF">
<item name="DRIVEATTRBOX" rev="15">
<attrib name="12" value="10"/></item>
<item name="SLEW" rev="15">
<attrib name="SLOW" value="10"/></item>
<item name="SUSPEND" rev="15">
<attrib name="3STATE" value="10"/></item>
</group>
<group name="SLICEX">
<item name="CLK" rev="15">
<attrib name="CLK" value="5"/><attrib name="CLK_INV" value="0"/></item>
</group>
<group name="RAMB16BWER">
<item name="CLKA" rev="15">
<attrib name="CLKA_INV" value="0"/><attrib name="CLKA" value="8"/></item>
<item name="CLKB" rev="15">
<attrib name="CLKB_INV" value="0"/><attrib name="CLKB" value="8"/></item>
<item name="ENA" rev="15">
<attrib name="ENA_INV" value="8"/><attrib name="ENA" value="0"/></item>
<item name="ENB" rev="15">
<attrib name="ENB_INV" value="0"/><attrib name="ENB" value="8"/></item>
<item name="REGCEA" rev="15">
<attrib name="REGCEA_INV" value="0"/><attrib name="REGCEA" value="8"/></item>
<item name="REGCEB" rev="15">
<attrib name="REGCEB_INV" value="0"/><attrib name="REGCEB" value="8"/></item>
<item name="RSTA" rev="15">
<attrib name="RSTA" value="8"/><attrib name="RSTA_INV" value="0"/></item>
<item name="RSTB" rev="15">
<attrib name="RSTB" value="8"/><attrib name="RSTB_INV" value="0"/></item>
<item name="WEA0" rev="15">
<attrib name="WEA0" value="8"/><attrib name="WEA0_INV" value="0"/></item>
<item name="WEA1" rev="15">
<attrib name="WEA1" value="8"/><attrib name="WEA1_INV" value="0"/></item>
<item name="WEA2" rev="15">
<attrib name="WEA2" value="8"/><attrib name="WEA2_INV" value="0"/></item>
<item name="WEA3" rev="15">
<attrib name="WEA3_INV" value="0"/><attrib name="WEA3" value="8"/></item>
<item name="WEB0" rev="15">
<attrib name="WEB0" value="8"/><attrib name="WEB0_INV" value="0"/></item>
<item name="WEB1" rev="15">
<attrib name="WEB1" value="8"/><attrib name="WEB1_INV" value="0"/></item>
<item name="WEB2" rev="15">
<attrib name="WEB2_INV" value="0"/><attrib name="WEB2" value="8"/></item>
<item name="WEB3" rev="15">
<attrib name="WEB3" value="8"/><attrib name="WEB3_INV" value="0"/></item>
</group>
<group name="RAMB8BWER">
<item name="CLKAWRCLK" rev="15">
<attrib name="CLKAWRCLK" value="1"/><attrib name="CLKAWRCLK_INV" value="0"/></item>
<item name="CLKBRDCLK" rev="15">
<attrib name="CLKBRDCLK_INV" value="0"/><attrib name="CLKBRDCLK" value="1"/></item>
<item name="ENAWREN" rev="15">
<attrib name="ENAWREN" value="1"/><attrib name="ENAWREN_INV" value="0"/></item>
<item name="ENBRDEN" rev="15">
<attrib name="ENBRDEN_INV" value="0"/><attrib name="ENBRDEN" value="1"/></item>
<item name="REGCEA" rev="15">
<attrib name="REGCEA_INV" value="0"/><attrib name="REGCEA" value="1"/></item>
<item name="REGCEBREGCE" rev="15">
<attrib name="REGCEBREGCE_INV" value="0"/><attrib name="REGCEBREGCE" value="1"/></item>
<item name="RSTA" rev="15">
<attrib name="RSTA" value="1"/><attrib name="RSTA_INV" value="0"/></item>
<item name="RSTBRST" rev="15">
<attrib name="RSTBRST" value="1"/><attrib name="RSTBRST_INV" value="0"/></item>
<item name="WEAWEL0" rev="15">
<attrib name="WEAWEL0" value="1"/><attrib name="WEAWEL0_INV" value="0"/></item>
<item name="WEAWEL1" rev="15">
<attrib name="WEAWEL1_INV" value="0"/><attrib name="WEAWEL1" value="1"/></item>
<item name="WEBWEU0" rev="15">
<attrib name="WEBWEU0" value="1"/><attrib name="WEBWEU0_INV" value="0"/></item>
<item name="WEBWEU1" rev="15">
<attrib name="WEBWEU1" value="1"/><attrib name="WEBWEU1_INV" value="0"/></item>
</group>
<group name="RAMB16BWER_RAMB16BWER">
<item name="CLKA" rev="15">
<attrib name="CLKA_INV" value="0"/><attrib name="CLKA" value="8"/></item>
<item name="CLKB" rev="15">
<attrib name="CLKB_INV" value="0"/><attrib name="CLKB" value="8"/></item>
<item name="DATA_WIDTH_A" rev="15">
<attrib name="1" value="8"/></item>
<item name="DATA_WIDTH_B" rev="15">
<attrib name="1" value="8"/></item>
<item name="DOA_REG" rev="15">
<attrib name="0" value="8"/></item>
<item name="DOB_REG" rev="15">
<attrib name="0" value="8"/></item>
<item name="ENA" rev="15">
<attrib name="ENA_INV" value="8"/><attrib name="ENA" value="0"/></item>
<item name="ENB" rev="15">
<attrib name="ENB_INV" value="0"/><attrib name="ENB" value="8"/></item>
<item name="EN_RSTRAM_A" rev="15">
<attrib name="FALSE" value="8"/></item>
<item name="EN_RSTRAM_B" rev="15">
<attrib name="FALSE" value="8"/></item>
<item name="RAM_MODE" rev="15">
<attrib name="TDP" value="8"/></item>
<item name="REGCEA" rev="15">
<attrib name="REGCEA_INV" value="0"/><attrib name="REGCEA" value="8"/></item>
<item name="REGCEB" rev="15">
<attrib name="REGCEB_INV" value="0"/><attrib name="REGCEB" value="8"/></item>
<item name="RSTA" rev="15">
<attrib name="RSTA" value="8"/><attrib name="RSTA_INV" value="0"/></item>
<item name="RSTB" rev="15">
<attrib name="RSTB" value="8"/><attrib name="RSTB_INV" value="0"/></item>
<item name="RSTTYPE" rev="15">
<attrib name="SYNC" value="8"/></item>
<item name="RST_PRIORITY_A" rev="15">
<attrib name="CE" value="8"/></item>
<item name="RST_PRIORITY_B" rev="15">
<attrib name="CE" value="8"/></item>
<item name="WEA0" rev="15">
<attrib name="WEA0" value="8"/><attrib name="WEA0_INV" value="0"/></item>
<item name="WEA1" rev="15">
<attrib name="WEA1" value="8"/><attrib name="WEA1_INV" value="0"/></item>
<item name="WEA2" rev="15">
<attrib name="WEA2" value="8"/><attrib name="WEA2_INV" value="0"/></item>
<item name="WEA3" rev="15">
<attrib name="WEA3_INV" value="0"/><attrib name="WEA3" value="8"/></item>
<item name="WEB0" rev="15">
<attrib name="WEB0" value="8"/><attrib name="WEB0_INV" value="0"/></item>
<item name="WEB1" rev="15">
<attrib name="WEB1" value="8"/><attrib name="WEB1_INV" value="0"/></item>
<item name="WEB2" rev="15">
<attrib name="WEB2_INV" value="0"/><attrib name="WEB2" value="8"/></item>
<item name="WEB3" rev="15">
<attrib name="WEB3" value="8"/><attrib name="WEB3_INV" value="0"/></item>
<item name="WRITE_MODE_A" rev="15">
<attrib name="WRITE_FIRST" value="8"/></item>
<item name="WRITE_MODE_B" rev="15">
<attrib name="WRITE_FIRST" value="8"/></item>
</group>
<group name="FF_SR">
<item name="CK" rev="15">
<attrib name="CK" value="1"/><attrib name="CK_INV" value="0"/></item>
<item name="SRINIT" rev="15">
<attrib name="SRINIT0" value="1"/></item>
<item name="SYNC_ATTR" rev="15">
<attrib name="ASYNC" value="1"/></item>
</group>
<group name="RAMB8BWER_RAMB8BWER">
<item name="CLKAWRCLK" rev="15">
<attrib name="CLKAWRCLK" value="1"/><attrib name="CLKAWRCLK_INV" value="0"/></item>
<item name="CLKBRDCLK" rev="15">
<attrib name="CLKBRDCLK_INV" value="0"/><attrib name="CLKBRDCLK" value="1"/></item>
<item name="DATA_WIDTH_A" rev="15">
<attrib name="9" value="1"/></item>
<item name="DATA_WIDTH_B" rev="15">
<attrib name="9" value="1"/></item>
<item name="DOA_REG" rev="15">
<attrib name="0" value="1"/></item>
<item name="DOB_REG" rev="15">
<attrib name="0" value="1"/></item>
<item name="ENAWREN" rev="15">
<attrib name="ENAWREN" value="1"/><attrib name="ENAWREN_INV" value="0"/></item>
<item name="ENBRDEN" rev="15">
<attrib name="ENBRDEN_INV" value="0"/><attrib name="ENBRDEN" value="1"/></item>
<item name="EN_RSTRAM_A" rev="15">
<attrib name="FALSE" value="1"/></item>
<item name="EN_RSTRAM_B" rev="15">
<attrib name="FALSE" value="1"/></item>
<item name="RAM_MODE" rev="15">
<attrib name="TDP" value="1"/></item>
<item name="REGCEA" rev="15">
<attrib name="REGCEA_INV" value="0"/><attrib name="REGCEA" value="1"/></item>
<item name="REGCEBREGCE" rev="15">
<attrib name="REGCEBREGCE_INV" value="0"/><attrib name="REGCEBREGCE" value="1"/></item>
<item name="RSTA" rev="15">
<attrib name="RSTA" value="1"/><attrib name="RSTA_INV" value="0"/></item>
<item name="RSTBRST" rev="15">
<attrib name="RSTBRST" value="1"/><attrib name="RSTBRST_INV" value="0"/></item>
<item name="RSTTYPE" rev="15">
<attrib name="SYNC" value="1"/></item>
<item name="RST_PRIORITY_A" rev="15">
<attrib name="CE" value="1"/></item>
<item name="RST_PRIORITY_B" rev="15">
<attrib name="CE" value="1"/></item>
<item name="WEAWEL0" rev="15">
<attrib name="WEAWEL0" value="1"/><attrib name="WEAWEL0_INV" value="0"/></item>
<item name="WEAWEL1" rev="15">
<attrib name="WEAWEL1_INV" value="0"/><attrib name="WEAWEL1" value="1"/></item>
<item name="WEBWEU0" rev="15">
<attrib name="WEBWEU0" value="1"/><attrib name="WEBWEU0_INV" value="0"/></item>
<item name="WEBWEU1" rev="15">
<attrib name="WEBWEU1" value="1"/><attrib name="WEBWEU1_INV" value="0"/></item>
<item name="WRITE_MODE_A" rev="15">
<attrib name="WRITE_FIRST" value="1"/></item>
<item name="WRITE_MODE_B" rev="15">
<attrib name="WRITE_FIRST" value="1"/></item>
</group>
</ReportConfigData>
<ReportPinData TimeStamp="Sun Apr 14 18:48:06 2013"><group name="DSP48A1">
<item name="A0" rev="15">
<attrib name="value" value="1"/></item>
<item name="A1" rev="15">
<attrib name="value" value="1"/></item>
<item name="A10" rev="15">
<attrib name="value" value="1"/></item>
<item name="A11" rev="15">
<attrib name="value" value="1"/></item>
<item name="A12" rev="15">
<attrib name="value" value="1"/></item>
<item name="A13" rev="15">
<attrib name="value" value="1"/></item>
<item name="A14" rev="15">
<attrib name="value" value="1"/></item>
<item name="A15" rev="15">
<attrib name="value" value="1"/></item>
<item name="A16" rev="15">
<attrib name="value" value="1"/></item>
<item name="A17" rev="15">
<attrib name="value" value="1"/></item>
<item name="A2" rev="15">
<attrib name="value" value="1"/></item>
<item name="A3" rev="15">
<attrib name="value" value="1"/></item>
<item name="A4" rev="15">
<attrib name="value" value="1"/></item>
<item name="A5" rev="15">
<attrib name="value" value="1"/></item>
<item name="A6" rev="15">
<attrib name="value" value="1"/></item>
<item name="A7" rev="15">
<attrib name="value" value="1"/></item>
<item name="A8" rev="15">
<attrib name="value" value="1"/></item>
<item name="A9" rev="15">
<attrib name="value" value="1"/></item>
<item name="B0" rev="15">
<attrib name="value" value="1"/></item>
<item name="B1" rev="15">
<attrib name="value" value="1"/></item>
<item name="B10" rev="15">
<attrib name="value" value="1"/></item>
<item name="B11" rev="15">
<attrib name="value" value="1"/></item>
<item name="B12" rev="15">
<attrib name="value" value="1"/></item>
<item name="B13" rev="15">
<attrib name="value" value="1"/></item>
<item name="B14" rev="15">
<attrib name="value" value="1"/></item>
<item name="B15" rev="15">
<attrib name="value" value="1"/></item>
<item name="B16" rev="15">
<attrib name="value" value="1"/></item>
<item name="B17" rev="15">
<attrib name="value" value="1"/></item>
<item name="B2" rev="15">
<attrib name="value" value="1"/></item>
<item name="B3" rev="15">
<attrib name="value" value="1"/></item>
<item name="B4" rev="15">
<attrib name="value" value="1"/></item>
<item name="B5" rev="15">
<attrib name="value" value="1"/></item>
<item name="B6" rev="15">
<attrib name="value" value="1"/></item>
<item name="B7" rev="15">
<attrib name="value" value="1"/></item>
<item name="B8" rev="15">
<attrib name="value" value="1"/></item>
<item name="B9" rev="15">
<attrib name="value" value="1"/></item>
<item name="C0" rev="15">
<attrib name="value" value="1"/></item>
<item name="C1" rev="15">
<attrib name="value" value="1"/></item>
<item name="C10" rev="15">
<attrib name="value" value="1"/></item>
<item name="C11" rev="15">
<attrib name="value" value="1"/></item>
<item name="C12" rev="15">
<attrib name="value" value="1"/></item>
<item name="C13" rev="15">
<attrib name="value" value="1"/></item>
<item name="C14" rev="15">
<attrib name="value" value="1"/></item>
<item name="C15" rev="15">
<attrib name="value" value="1"/></item>
<item name="C16" rev="15">
<attrib name="value" value="1"/></item>
<item name="C17" rev="15">
<attrib name="value" value="1"/></item>
<item name="C18" rev="15">
<attrib name="value" value="1"/></item>
<item name="C19" rev="15">
<attrib name="value" value="1"/></item>
<item name="C2" rev="15">
<attrib name="value" value="1"/></item>
<item name="C20" rev="15">
<attrib name="value" value="1"/></item>
<item name="C21" rev="15">
<attrib name="value" value="1"/></item>
<item name="C22" rev="15">
<attrib name="value" value="1"/></item>
<item name="C23" rev="15">
<attrib name="value" value="1"/></item>
<item name="C24" rev="15">
<attrib name="value" value="1"/></item>
<item name="C25" rev="15">
<attrib name="value" value="1"/></item>
<item name="C26" rev="15">
<attrib name="value" value="1"/></item>
<item name="C27" rev="15">
<attrib name="value" value="1"/></item>
<item name="C28" rev="15">
<attrib name="value" value="1"/></item>
<item name="C29" rev="15">
<attrib name="value" value="1"/></item>
<item name="C3" rev="15">
<attrib name="value" value="1"/></item>
<item name="C30" rev="15">
<attrib name="value" value="1"/></item>
<item name="C31" rev="15">
<attrib name="value" value="1"/></item>
<item name="C32" rev="15">
<attrib name="value" value="1"/></item>
<item name="C33" rev="15">
<attrib name="value" value="1"/></item>
<item name="C34" rev="15">
<attrib name="value" value="1"/></item>
<item name="C35" rev="15">
<attrib name="value" value="1"/></item>
<item name="C36" rev="15">
<attrib name="value" value="1"/></item>
<item name="C37" rev="15">
<attrib name="value" value="1"/></item>
<item name="C38" rev="15">
<attrib name="value" value="1"/></item>
<item name="C39" rev="15">
<attrib name="value" value="1"/></item>
<item name="C4" rev="15">
<attrib name="value" value="1"/></item>
<item name="C40" rev="15">
<attrib name="value" value="1"/></item>
<item name="C41" rev="15">
<attrib name="value" value="1"/></item>
<item name="C42" rev="15">
<attrib name="value" value="1"/></item>
<item name="C43" rev="15">
<attrib name="value" value="1"/></item>
<item name="C44" rev="15">
<attrib name="value" value="1"/></item>
<item name="C45" rev="15">
<attrib name="value" value="1"/></item>
<item name="C46" rev="15">
<attrib name="value" value="1"/></item>
<item name="C47" rev="15">
<attrib name="value" value="1"/></item>
<item name="C5" rev="15">
<attrib name="value" value="1"/></item>
<item name="C6" rev="15">
<attrib name="value" value="1"/></item>
<item name="C7" rev="15">
<attrib name="value" value="1"/></item>
<item name="C8" rev="15">
<attrib name="value" value="1"/></item>
<item name="C9" rev="15">
<attrib name="value" value="1"/></item>
<item name="CEA" rev="15">
<attrib name="value" value="1"/></item>
<item name="CEB" rev="15">
<attrib name="value" value="1"/></item>
<item name="CEC" rev="15">
<attrib name="value" value="1"/></item>
<item name="CECARRYIN" rev="15">
<attrib name="value" value="1"/></item>
<item name="CED" rev="15">
<attrib name="value" value="1"/></item>
<item name="CEM" rev="15">
<attrib name="value" value="1"/></item>
<item name="CEOPMODE" rev="15">
<attrib name="value" value="1"/></item>
<item name="CEP" rev="15">
<attrib name="value" value="1"/></item>
<item name="CLK" rev="15">
<attrib name="value" value="1"/></item>
<item name="D0" rev="15">
<attrib name="value" value="1"/></item>
<item name="D1" rev="15">
<attrib name="value" value="1"/></item>
<item name="D10" rev="15">
<attrib name="value" value="1"/></item>
<item name="D11" rev="15">
<attrib name="value" value="1"/></item>
<item name="D12" rev="15">
<attrib name="value" value="1"/></item>
<item name="D13" rev="15">
<attrib name="value" value="1"/></item>
<item name="D14" rev="15">
<attrib name="value" value="1"/></item>
<item name="D15" rev="15">
<attrib name="value" value="1"/></item>
<item name="D16" rev="15">
<attrib name="value" value="1"/></item>
<item name="D17" rev="15">
<attrib name="value" value="1"/></item>
<item name="D2" rev="15">
<attrib name="value" value="1"/></item>
<item name="D3" rev="15">
<attrib name="value" value="1"/></item>
<item name="D4" rev="15">
<attrib name="value" value="1"/></item>
<item name="D5" rev="15">
<attrib name="value" value="1"/></item>
<item name="D6" rev="15">
<attrib name="value" value="1"/></item>
<item name="D7" rev="15">
<attrib name="value" value="1"/></item>
<item name="D8" rev="15">
<attrib name="value" value="1"/></item>
<item name="D9" rev="15">
<attrib name="value" value="1"/></item>
<item name="OPMODE0" rev="15">
<attrib name="value" value="1"/></item>
<item name="OPMODE1" rev="15">
<attrib name="value" value="1"/></item>
<item name="OPMODE2" rev="15">
<attrib name="value" value="1"/></item>
<item name="OPMODE3" rev="15">
<attrib name="value" value="1"/></item>
<item name="OPMODE4" rev="15">
<attrib name="value" value="1"/></item>
<item name="OPMODE5" rev="15">
<attrib name="value" value="1"/></item>
<item name="OPMODE6" rev="15">
<attrib name="value" value="1"/></item>
<item name="OPMODE7" rev="15">
<attrib name="value" value="1"/></item>
<item name="P0" rev="15">
<attrib name="value" value="1"/></item>
<item name="P1" rev="15">
<attrib name="value" value="1"/></item>
<item name="P10" rev="15">
<attrib name="value" value="1"/></item>
<item name="P11" rev="15">
<attrib name="value" value="1"/></item>
<item name="P12" rev="15">
<attrib name="value" value="1"/></item>
<item name="P13" rev="15">
<attrib name="value" value="1"/></item>
<item name="P14" rev="15">
<attrib name="value" value="1"/></item>
<item name="P2" rev="15">
<attrib name="value" value="1"/></item>
<item name="P3" rev="15">
<attrib name="value" value="1"/></item>
<item name="P4" rev="15">
<attrib name="value" value="1"/></item>
<item name="P5" rev="15">
<attrib name="value" value="1"/></item>
<item name="P6" rev="15">
<attrib name="value" value="1"/></item>
<item name="P7" rev="15">
<attrib name="value" value="1"/></item>
<item name="P8" rev="15">
<attrib name="value" value="1"/></item>
<item name="P9" rev="15">
<attrib name="value" value="1"/></item>
<item name="RSTA" rev="15">
<attrib name="value" value="1"/></item>
<item name="RSTB" rev="15">
<attrib name="value" value="1"/></item>
<item name="RSTC" rev="15">
<attrib name="value" value="1"/></item>
<item name="RSTCARRYIN" rev="15">
<attrib name="value" value="1"/></item>
<item name="RSTD" rev="15">
<attrib name="value" value="1"/></item>
<item name="RSTM" rev="15">
<attrib name="value" value="1"/></item>
<item name="RSTOPMODE" rev="15">
<attrib name="value" value="1"/></item>
<item name="RSTP" rev="15">
<attrib name="value" value="1"/></item>
</group>
<group name="REG_SR">
<item name="CE" rev="15">
<attrib name="value" value="10"/></item>
<item name="CK" rev="15">
<attrib name="value" value="30"/></item>
<item name="D" rev="15">
<attrib name="value" value="30"/></item>
<item name="Q" rev="15">
<attrib name="value" value="30"/></item>
<item name="SR" rev="15">
<attrib name="value" value="23"/></item>
</group>
<group name="DSP48A1_DSP48A1">
<item name="A0" rev="15">
<attrib name="value" value="1"/></item>
<item name="A1" rev="15">
<attrib name="value" value="1"/></item>
<item name="A10" rev="15">
<attrib name="value" value="1"/></item>
<item name="A11" rev="15">
<attrib name="value" value="1"/></item>
<item name="A12" rev="15">
<attrib name="value" value="1"/></item>
<item name="A13" rev="15">
<attrib name="value" value="1"/></item>
<item name="A14" rev="15">
<attrib name="value" value="1"/></item>
<item name="A15" rev="15">
<attrib name="value" value="1"/></item>
<item name="A16" rev="15">
<attrib name="value" value="1"/></item>
<item name="A17" rev="15">
<attrib name="value" value="1"/></item>
<item name="A2" rev="15">
<attrib name="value" value="1"/></item>
<item name="A3" rev="15">
<attrib name="value" value="1"/></item>
<item name="A4" rev="15">
<attrib name="value" value="1"/></item>
<item name="A5" rev="15">
<attrib name="value" value="1"/></item>
<item name="A6" rev="15">
<attrib name="value" value="1"/></item>
<item name="A7" rev="15">
<attrib name="value" value="1"/></item>
<item name="A8" rev="15">
<attrib name="value" value="1"/></item>
<item name="A9" rev="15">
<attrib name="value" value="1"/></item>
<item name="B0" rev="15">
<attrib name="value" value="1"/></item>
<item name="B1" rev="15">
<attrib name="value" value="1"/></item>
<item name="B10" rev="15">
<attrib name="value" value="1"/></item>
<item name="B11" rev="15">
<attrib name="value" value="1"/></item>
<item name="B12" rev="15">
<attrib name="value" value="1"/></item>
<item name="B13" rev="15">
<attrib name="value" value="1"/></item>
<item name="B14" rev="15">
<attrib name="value" value="1"/></item>
<item name="B15" rev="15">
<attrib name="value" value="1"/></item>
<item name="B16" rev="15">
<attrib name="value" value="1"/></item>
<item name="B17" rev="15">
<attrib name="value" value="1"/></item>
<item name="B2" rev="15">
<attrib name="value" value="1"/></item>
<item name="B3" rev="15">
<attrib name="value" value="1"/></item>
<item name="B4" rev="15">
<attrib name="value" value="1"/></item>
<item name="B5" rev="15">
<attrib name="value" value="1"/></item>
<item name="B6" rev="15">
<attrib name="value" value="1"/></item>
<item name="B7" rev="15">
<attrib name="value" value="1"/></item>
<item name="B8" rev="15">
<attrib name="value" value="1"/></item>
<item name="B9" rev="15">
<attrib name="value" value="1"/></item>
<item name="C0" rev="15">
<attrib name="value" value="1"/></item>
<item name="C1" rev="15">
<attrib name="value" value="1"/></item>
<item name="C10" rev="15">
<attrib name="value" value="1"/></item>
<item name="C11" rev="15">
<attrib name="value" value="1"/></item>
<item name="C12" rev="15">
<attrib name="value" value="1"/></item>
<item name="C13" rev="15">
<attrib name="value" value="1"/></item>
<item name="C14" rev="15">
<attrib name="value" value="1"/></item>
<item name="C15" rev="15">
<attrib name="value" value="1"/></item>
<item name="C16" rev="15">
<attrib name="value" value="1"/></item>
<item name="C17" rev="15">
<attrib name="value" value="1"/></item>
<item name="C18" rev="15">
<attrib name="value" value="1"/></item>
<item name="C19" rev="15">
<attrib name="value" value="1"/></item>
<item name="C2" rev="15">
<attrib name="value" value="1"/></item>
<item name="C20" rev="15">
<attrib name="value" value="1"/></item>
<item name="C21" rev="15">
<attrib name="value" value="1"/></item>
<item name="C22" rev="15">
<attrib name="value" value="1"/></item>
<item name="C23" rev="15">
<attrib name="value" value="1"/></item>
<item name="C24" rev="15">
<attrib name="value" value="1"/></item>
<item name="C25" rev="15">
<attrib name="value" value="1"/></item>
<item name="C26" rev="15">
<attrib name="value" value="1"/></item>
<item name="C27" rev="15">
<attrib name="value" value="1"/></item>
<item name="C28" rev="15">
<attrib name="value" value="1"/></item>
<item name="C29" rev="15">
<attrib name="value" value="1"/></item>
<item name="C3" rev="15">
<attrib name="value" value="1"/></item>
<item name="C30" rev="15">
<attrib name="value" value="1"/></item>
<item name="C31" rev="15">
<attrib name="value" value="1"/></item>
<item name="C32" rev="15">
<attrib name="value" value="1"/></item>
<item name="C33" rev="15">
<attrib name="value" value="1"/></item>
<item name="C34" rev="15">
<attrib name="value" value="1"/></item>
<item name="C35" rev="15">
<attrib name="value" value="1"/></item>
<item name="C36" rev="15">
<attrib name="value" value="1"/></item>
<item name="C37" rev="15">
<attrib name="value" value="1"/></item>
<item name="C38" rev="15">
<attrib name="value" value="1"/></item>
<item name="C39" rev="15">
<attrib name="value" value="1"/></item>
<item name="C4" rev="15">
<attrib name="value" value="1"/></item>
<item name="C40" rev="15">
<attrib name="value" value="1"/></item>
<item name="C41" rev="15">
<attrib name="value" value="1"/></item>
<item name="C42" rev="15">
<attrib name="value" value="1"/></item>
<item name="C43" rev="15">
<attrib name="value" value="1"/></item>
<item name="C44" rev="15">
<attrib name="value" value="1"/></item>
<item name="C45" rev="15">
<attrib name="value" value="1"/></item>
<item name="C46" rev="15">
<attrib name="value" value="1"/></item>
<item name="C47" rev="15">
<attrib name="value" value="1"/></item>
<item name="C5" rev="15">
<attrib name="value" value="1"/></item>
<item name="C6" rev="15">
<attrib name="value" value="1"/></item>
<item name="C7" rev="15">
<attrib name="value" value="1"/></item>
<item name="C8" rev="15">
<attrib name="value" value="1"/></item>
<item name="C9" rev="15">
<attrib name="value" value="1"/></item>
<item name="CEA" rev="15">
<attrib name="value" value="1"/></item>
<item name="CEB" rev="15">
<attrib name="value" value="1"/></item>
<item name="CEC" rev="15">
<attrib name="value" value="1"/></item>
<item name="CECARRYIN" rev="15">
<attrib name="value" value="1"/></item>
<item name="CED" rev="15">
<attrib name="value" value="1"/></item>
<item name="CEM" rev="15">
<attrib name="value" value="1"/></item>
<item name="CEOPMODE" rev="15">
<attrib name="value" value="1"/></item>
<item name="CEP" rev="15">
<attrib name="value" value="1"/></item>
<item name="CLK" rev="15">
<attrib name="value" value="1"/></item>
<item name="D0" rev="15">
<attrib name="value" value="1"/></item>
<item name="D1" rev="15">
<attrib name="value" value="1"/></item>
<item name="D10" rev="15">
<attrib name="value" value="1"/></item>
<item name="D11" rev="15">
<attrib name="value" value="1"/></item>
<item name="D12" rev="15">
<attrib name="value" value="1"/></item>
<item name="D13" rev="15">
<attrib name="value" value="1"/></item>
<item name="D14" rev="15">
<attrib name="value" value="1"/></item>
<item name="D15" rev="15">
<attrib name="value" value="1"/></item>
<item name="D16" rev="15">
<attrib name="value" value="1"/></item>
<item name="D17" rev="15">
<attrib name="value" value="1"/></item>
<item name="D2" rev="15">
<attrib name="value" value="1"/></item>
<item name="D3" rev="15">
<attrib name="value" value="1"/></item>
<item name="D4" rev="15">
<attrib name="value" value="1"/></item>
<item name="D5" rev="15">
<attrib name="value" value="1"/></item>
<item name="D6" rev="15">
<attrib name="value" value="1"/></item>
<item name="D7" rev="15">
<attrib name="value" value="1"/></item>
<item name="D8" rev="15">
<attrib name="value" value="1"/></item>
<item name="D9" rev="15">
<attrib name="value" value="1"/></item>
<item name="OPMODE0" rev="15">
<attrib name="value" value="1"/></item>
<item name="OPMODE1" rev="15">
<attrib name="value" value="1"/></item>
<item name="OPMODE2" rev="15">
<attrib name="value" value="1"/></item>
<item name="OPMODE3" rev="15">
<attrib name="value" value="1"/></item>
<item name="OPMODE4" rev="15">
<attrib name="value" value="1"/></item>
<item name="OPMODE5" rev="15">
<attrib name="value" value="1"/></item>
<item name="OPMODE6" rev="15">
<attrib name="value" value="1"/></item>
<item name="OPMODE7" rev="15">
<attrib name="value" value="1"/></item>
<item name="P0" rev="15">
<attrib name="value" value="1"/></item>
<item name="P1" rev="15">
<attrib name="value" value="1"/></item>
<item name="P10" rev="15">
<attrib name="value" value="1"/></item>
<item name="P11" rev="15">
<attrib name="value" value="1"/></item>
<item name="P12" rev="15">
<attrib name="value" value="1"/></item>
<item name="P13" rev="15">
<attrib name="value" value="1"/></item>
<item name="P14" rev="15">
<attrib name="value" value="1"/></item>
<item name="P2" rev="15">
<attrib name="value" value="1"/></item>
<item name="P3" rev="15">
<attrib name="value" value="1"/></item>
<item name="P4" rev="15">
<attrib name="value" value="1"/></item>
<item name="P5" rev="15">
<attrib name="value" value="1"/></item>
<item name="P6" rev="15">
<attrib name="value" value="1"/></item>
<item name="P7" rev="15">
<attrib name="value" value="1"/></item>
<item name="P8" rev="15">
<attrib name="value" value="1"/></item>
<item name="P9" rev="15">
<attrib name="value" value="1"/></item>
<item name="RSTA" rev="15">
<attrib name="value" value="1"/></item>
<item name="RSTB" rev="15">
<attrib name="value" value="1"/></item>
<item name="RSTC" rev="15">
<attrib name="value" value="1"/></item>
<item name="RSTCARRYIN" rev="15">
<attrib name="value" value="1"/></item>
<item name="RSTD" rev="15">
<attrib name="value" value="1"/></item>
<item name="RSTM" rev="15">
<attrib name="value" value="1"/></item>
<item name="RSTOPMODE" rev="15">
<attrib name="value" value="1"/></item>
<item name="RSTP" rev="15">
<attrib name="value" value="1"/></item>
</group>
<group name="SLICEL">
<item name="A4" rev="15">
<attrib name="value" value="6"/></item>
<item name="A5" rev="15">
<attrib name="value" value="6"/></item>
<item name="A6" rev="15">
<attrib name="value" value="6"/></item>
<item name="AQ" rev="15">
<attrib name="value" value="6"/></item>
<item name="AX" rev="15">
<attrib name="value" value="2"/></item>
<item name="B4" rev="15">
<attrib name="value" value="6"/></item>
<item name="B5" rev="15">
<attrib name="value" value="5"/></item>
<item name="B6" rev="15">
<attrib name="value" value="6"/></item>
<item name="BQ" rev="15">
<attrib name="value" value="6"/></item>
<item name="C4" rev="15">
<attrib name="value" value="5"/></item>
<item name="C5" rev="15">
<attrib name="value" value="4"/></item>
<item name="C6" rev="15">
<attrib name="value" value="5"/></item>
<item name="CE" rev="15">
<attrib name="value" value="3"/></item>
<item name="CIN" rev="15">
<attrib name="value" value="4"/></item>
<item name="CLK" rev="15">
<attrib name="value" value="6"/></item>
<item name="COUT" rev="15">
<attrib name="value" value="4"/></item>
<item name="CQ" rev="15">
<attrib name="value" value="5"/></item>
<item name="D4" rev="15">
<attrib name="value" value="4"/></item>
<item name="D5" rev="15">
<attrib name="value" value="4"/></item>
<item name="D6" rev="15">
<attrib name="value" value="4"/></item>
<item name="DQ" rev="15">
<attrib name="value" value="4"/></item>
<item name="SR" rev="15">
<attrib name="value" value="6"/></item>
</group>
<group name="IOB_OUTBUF">
<item name="IN" rev="15">
<attrib name="value" value="10"/></item>
<item name="OUT" rev="15">
<attrib name="value" value="10"/></item>
</group>
<group name="SLICEX">
<item name="A" rev="15">
<attrib name="value" value="13"/></item>
<item name="A1" rev="15">
<attrib name="value" value="4"/></item>
<item name="A2" rev="15">
<attrib name="value" value="11"/></item>
<item name="A3" rev="15">
<attrib name="value" value="11"/></item>
<item name="A4" rev="15">
<attrib name="value" value="13"/></item>
<item name="A5" rev="15">
<attrib name="value" value="14"/></item>
<item name="A6" rev="15">
<attrib name="value" value="14"/></item>
<item name="AMUX" rev="15">
<attrib name="value" value="1"/></item>
<item name="AQ" rev="15">
<attrib name="value" value="5"/></item>
<item name="AX" rev="15">
<attrib name="value" value="4"/></item>
<item name="B" rev="15">
<attrib name="value" value="8"/></item>
<item name="B1" rev="15">
<attrib name="value" value="6"/></item>
<item name="B2" rev="15">
<attrib name="value" value="7"/></item>
<item name="B3" rev="15">
<attrib name="value" value="7"/></item>
<item name="B4" rev="15">
<attrib name="value" value="9"/></item>
<item name="B5" rev="15">
<attrib name="value" value="8"/></item>
<item name="B6" rev="15">
<attrib name="value" value="9"/></item>
<item name="BQ" rev="15">
<attrib name="value" value="2"/></item>
<item name="BX" rev="15">
<attrib name="value" value="1"/></item>
<item name="C" rev="15">
<attrib name="value" value="10"/></item>
<item name="C1" rev="15">
<attrib name="value" value="7"/></item>
<item name="C2" rev="15">
<attrib name="value" value="9"/></item>
<item name="C3" rev="15">
<attrib name="value" value="9"/></item>
<item name="C4" rev="15">
<attrib name="value" value="10"/></item>
<item name="C5" rev="15">
<attrib name="value" value="10"/></item>
<item name="C6" rev="15">
<attrib name="value" value="10"/></item>
<item name="CLK" rev="15">
<attrib name="value" value="5"/></item>
<item name="CMUX" rev="15">
<attrib name="value" value="1"/></item>
<item name="CQ" rev="15">
<attrib name="value" value="1"/></item>
<item name="CX" rev="15">
<attrib name="value" value="1"/></item>
<item name="D" rev="15">
<attrib name="value" value="19"/></item>
<item name="D1" rev="15">
<attrib name="value" value="5"/></item>
<item name="D2" rev="15">
<attrib name="value" value="12"/></item>
<item name="D3" rev="15">
<attrib name="value" value="15"/></item>
<item name="D4" rev="15">
<attrib name="value" value="15"/></item>
<item name="D5" rev="15">
<attrib name="value" value="19"/></item>
<item name="D6" rev="15">
<attrib name="value" value="19"/></item>
<item name="DQ" rev="15">
<attrib name="value" value="1"/></item>
<item name="DX" rev="15">
<attrib name="value" value="1"/></item>
<item name="SR" rev="15">
<attrib name="value" value="2"/></item>
</group>
<group name="BUFG_BUFG">
<item name="I0" rev="15">
<attrib name="value" value="2"/></item>
<item name="O" rev="15">
<attrib name="value" value="2"/></item>
</group>
<group name="PAD">
<item name="PAD" rev="15">
<attrib name="value" value="12"/></item>
</group>
<group name="IOB_INBUF">
<item name="OUT" rev="15">
<attrib name="value" value="2"/></item>
<item name="PAD" rev="15">
<attrib name="value" value="2"/></item>
</group>
<group name="RAMB16BWER">
<item name="ADDRA0" rev="15">
<attrib name="value" value="8"/></item>
<item name="ADDRA1" rev="15">
<attrib name="value" value="8"/></item>
<item name="ADDRA10" rev="15">
<attrib name="value" value="8"/></item>
<item name="ADDRA11" rev="15">
<attrib name="value" value="8"/></item>
<item name="ADDRA12" rev="15">
<attrib name="value" value="8"/></item>
<item name="ADDRA13" rev="15">
<attrib name="value" value="8"/></item>
<item name="ADDRA2" rev="15">
<attrib name="value" value="8"/></item>
<item name="ADDRA3" rev="15">
<attrib name="value" value="8"/></item>
<item name="ADDRA4" rev="15">
<attrib name="value" value="8"/></item>
<item name="ADDRA5" rev="15">
<attrib name="value" value="8"/></item>
<item name="ADDRA6" rev="15">
<attrib name="value" value="8"/></item>
<item name="ADDRA7" rev="15">
<attrib name="value" value="8"/></item>
<item name="ADDRA8" rev="15">
<attrib name="value" value="8"/></item>
<item name="ADDRA9" rev="15">
<attrib name="value" value="8"/></item>
<item name="ADDRB0" rev="15">
<attrib name="value" value="8"/></item>
<item name="ADDRB1" rev="15">
<attrib name="value" value="8"/></item>
<item name="ADDRB10" rev="15">
<attrib name="value" value="8"/></item>
<item name="ADDRB11" rev="15">
<attrib name="value" value="8"/></item>
<item name="ADDRB12" rev="15">
<attrib name="value" value="8"/></item>
<item name="ADDRB13" rev="15">
<attrib name="value" value="8"/></item>
<item name="ADDRB2" rev="15">
<attrib name="value" value="8"/></item>
<item name="ADDRB3" rev="15">
<attrib name="value" value="8"/></item>
<item name="ADDRB4" rev="15">
<attrib name="value" value="8"/></item>
<item name="ADDRB5" rev="15">
<attrib name="value" value="8"/></item>
<item name="ADDRB6" rev="15">
<attrib name="value" value="8"/></item>
<item name="ADDRB7" rev="15">
<attrib name="value" value="8"/></item>
<item name="ADDRB8" rev="15">
<attrib name="value" value="8"/></item>
<item name="ADDRB9" rev="15">
<attrib name="value" value="8"/></item>
<item name="CLKA" rev="15">
<attrib name="value" value="8"/></item>
<item name="CLKB" rev="15">
<attrib name="value" value="8"/></item>
<item name="DIA0" rev="15">
<attrib name="value" value="8"/></item>
<item name="DIA1" rev="15">
<attrib name="value" value="8"/></item>
<item name="DIA10" rev="15">
<attrib name="value" value="8"/></item>
<item name="DIA11" rev="15">
<attrib name="value" value="8"/></item>
<item name="DIA12" rev="15">
<attrib name="value" value="8"/></item>
<item name="DIA13" rev="15">
<attrib name="value" value="8"/></item>
<item name="DIA14" rev="15">
<attrib name="value" value="8"/></item>
<item name="DIA15" rev="15">
<attrib name="value" value="8"/></item>
<item name="DIA16" rev="15">
<attrib name="value" value="8"/></item>
<item name="DIA17" rev="15">
<attrib name="value" value="8"/></item>
<item name="DIA18" rev="15">
<attrib name="value" value="8"/></item>
<item name="DIA19" rev="15">
<attrib name="value" value="8"/></item>
<item name="DIA2" rev="15">
<attrib name="value" value="8"/></item>
<item name="DIA20" rev="15">
<attrib name="value" value="8"/></item>
<item name="DIA21" rev="15">
<attrib name="value" value="8"/></item>
<item name="DIA22" rev="15">
<attrib name="value" value="8"/></item>
<item name="DIA23" rev="15">
<attrib name="value" value="8"/></item>
<item name="DIA24" rev="15">
<attrib name="value" value="8"/></item>
<item name="DIA25" rev="15">
<attrib name="value" value="8"/></item>
<item name="DIA26" rev="15">
<attrib name="value" value="8"/></item>
<item name="DIA27" rev="15">
<attrib name="value" value="8"/></item>
<item name="DIA28" rev="15">
<attrib name="value" value="8"/></item>
<item name="DIA29" rev="15">
<attrib name="value" value="8"/></item>
<item name="DIA3" rev="15">
<attrib name="value" value="8"/></item>
<item name="DIA30" rev="15">
<attrib name="value" value="8"/></item>
<item name="DIA31" rev="15">
<attrib name="value" value="8"/></item>
<item name="DIA4" rev="15">
<attrib name="value" value="8"/></item>
<item name="DIA5" rev="15">
<attrib name="value" value="8"/></item>
<item name="DIA6" rev="15">
<attrib name="value" value="8"/></item>
<item name="DIA7" rev="15">
<attrib name="value" value="8"/></item>
<item name="DIA8" rev="15">
<attrib name="value" value="8"/></item>
<item name="DIA9" rev="15">
<attrib name="value" value="8"/></item>
<item name="DIB0" rev="15">
<attrib name="value" value="8"/></item>
<item name="DIB1" rev="15">
<attrib name="value" value="8"/></item>
<item name="DIB10" rev="15">
<attrib name="value" value="8"/></item>
<item name="DIB11" rev="15">
<attrib name="value" value="8"/></item>
<item name="DIB12" rev="15">
<attrib name="value" value="8"/></item>
<item name="DIB13" rev="15">
<attrib name="value" value="8"/></item>
<item name="DIB14" rev="15">
<attrib name="value" value="8"/></item>
<item name="DIB15" rev="15">
<attrib name="value" value="8"/></item>
<item name="DIB16" rev="15">
<attrib name="value" value="8"/></item>
<item name="DIB17" rev="15">
<attrib name="value" value="8"/></item>
<item name="DIB18" rev="15">
<attrib name="value" value="8"/></item>
<item name="DIB19" rev="15">
<attrib name="value" value="8"/></item>
<item name="DIB2" rev="15">
<attrib name="value" value="8"/></item>
<item name="DIB20" rev="15">
<attrib name="value" value="8"/></item>
<item name="DIB21" rev="15">
<attrib name="value" value="8"/></item>
<item name="DIB22" rev="15">
<attrib name="value" value="8"/></item>
<item name="DIB23" rev="15">
<attrib name="value" value="8"/></item>
<item name="DIB24" rev="15">
<attrib name="value" value="8"/></item>
<item name="DIB25" rev="15">
<attrib name="value" value="8"/></item>
<item name="DIB26" rev="15">
<attrib name="value" value="8"/></item>
<item name="DIB27" rev="15">
<attrib name="value" value="8"/></item>
<item name="DIB28" rev="15">
<attrib name="value" value="8"/></item>
<item name="DIB29" rev="15">
<attrib name="value" value="8"/></item>
<item name="DIB3" rev="15">
<attrib name="value" value="8"/></item>
<item name="DIB30" rev="15">
<attrib name="value" value="8"/></item>
<item name="DIB31" rev="15">
<attrib name="value" value="8"/></item>
<item name="DIB4" rev="15">
<attrib name="value" value="8"/></item>
<item name="DIB5" rev="15">
<attrib name="value" value="8"/></item>
<item name="DIB6" rev="15">
<attrib name="value" value="8"/></item>
<item name="DIB7" rev="15">
<attrib name="value" value="8"/></item>
<item name="DIB8" rev="15">
<attrib name="value" value="8"/></item>
<item name="DIB9" rev="15">
<attrib name="value" value="8"/></item>
<item name="DIPA0" rev="15">
<attrib name="value" value="8"/></item>
<item name="DIPA1" rev="15">
<attrib name="value" value="8"/></item>
<item name="DIPA2" rev="15">
<attrib name="value" value="8"/></item>
<item name="DIPA3" rev="15">
<attrib name="value" value="8"/></item>
<item name="DIPB0" rev="15">
<attrib name="value" value="8"/></item>
<item name="DIPB1" rev="15">
<attrib name="value" value="8"/></item>
<item name="DIPB2" rev="15">
<attrib name="value" value="8"/></item>
<item name="DIPB3" rev="15">
<attrib name="value" value="8"/></item>
<item name="DOA0" rev="15">
<attrib name="value" value="8"/></item>
<item name="ENA" rev="15">
<attrib name="value" value="8"/></item>
<item name="ENB" rev="15">
<attrib name="value" value="8"/></item>
<item name="REGCEA" rev="15">
<attrib name="value" value="8"/></item>
<item name="REGCEB" rev="15">
<attrib name="value" value="8"/></item>
<item name="RSTA" rev="15">
<attrib name="value" value="8"/></item>
<item name="RSTB" rev="15">
<attrib name="value" value="8"/></item>
<item name="WEA0" rev="15">
<attrib name="value" value="8"/></item>
<item name="WEA1" rev="15">
<attrib name="value" value="8"/></item>
<item name="WEA2" rev="15">
<attrib name="value" value="8"/></item>
<item name="WEA3" rev="15">
<attrib name="value" value="8"/></item>
<item name="WEB0" rev="15">
<attrib name="value" value="8"/></item>
<item name="WEB1" rev="15">
<attrib name="value" value="8"/></item>
<item name="WEB2" rev="15">
<attrib name="value" value="8"/></item>
<item name="WEB3" rev="15">
<attrib name="value" value="8"/></item>
</group>
<group name="RAMB8BWER">
<item name="ADDRAWRADDR0" rev="15">
<attrib name="value" value="1"/></item>
<item name="ADDRAWRADDR1" rev="15">
<attrib name="value" value="1"/></item>
<item name="ADDRAWRADDR10" rev="15">
<attrib name="value" value="1"/></item>
<item name="ADDRAWRADDR11" rev="15">
<attrib name="value" value="1"/></item>
<item name="ADDRAWRADDR12" rev="15">
<attrib name="value" value="1"/></item>
<item name="ADDRAWRADDR2" rev="15">
<attrib name="value" value="1"/></item>
<item name="ADDRAWRADDR3" rev="15">
<attrib name="value" value="1"/></item>
<item name="ADDRAWRADDR4" rev="15">
<attrib name="value" value="1"/></item>
<item name="ADDRAWRADDR5" rev="15">
<attrib name="value" value="1"/></item>
<item name="ADDRAWRADDR6" rev="15">
<attrib name="value" value="1"/></item>
<item name="ADDRAWRADDR7" rev="15">
<attrib name="value" value="1"/></item>
<item name="ADDRAWRADDR8" rev="15">
<attrib name="value" value="1"/></item>
<item name="ADDRAWRADDR9" rev="15">
<attrib name="value" value="1"/></item>
<item name="ADDRBRDADDR0" rev="15">
<attrib name="value" value="1"/></item>
<item name="ADDRBRDADDR1" rev="15">
<attrib name="value" value="1"/></item>
<item name="ADDRBRDADDR10" rev="15">
<attrib name="value" value="1"/></item>
<item name="ADDRBRDADDR11" rev="15">
<attrib name="value" value="1"/></item>
<item name="ADDRBRDADDR12" rev="15">
<attrib name="value" value="1"/></item>
<item name="ADDRBRDADDR2" rev="15">
<attrib name="value" value="1"/></item>
<item name="ADDRBRDADDR3" rev="15">
<attrib name="value" value="1"/></item>
<item name="ADDRBRDADDR4" rev="15">
<attrib name="value" value="1"/></item>
<item name="ADDRBRDADDR5" rev="15">
<attrib name="value" value="1"/></item>
<item name="ADDRBRDADDR6" rev="15">
<attrib name="value" value="1"/></item>
<item name="ADDRBRDADDR7" rev="15">
<attrib name="value" value="1"/></item>
<item name="ADDRBRDADDR8" rev="15">
<attrib name="value" value="1"/></item>
<item name="ADDRBRDADDR9" rev="15">
<attrib name="value" value="1"/></item>
<item name="CLKAWRCLK" rev="15">
<attrib name="value" value="1"/></item>
<item name="CLKBRDCLK" rev="15">
<attrib name="value" value="1"/></item>
<item name="DIADI0" rev="15">
<attrib name="value" value="1"/></item>
<item name="DIADI1" rev="15">
<attrib name="value" value="1"/></item>
<item name="DIADI10" rev="15">
<attrib name="value" value="1"/></item>
<item name="DIADI11" rev="15">
<attrib name="value" value="1"/></item>
<item name="DIADI12" rev="15">
<attrib name="value" value="1"/></item>
<item name="DIADI13" rev="15">
<attrib name="value" value="1"/></item>
<item name="DIADI14" rev="15">
<attrib name="value" value="1"/></item>
<item name="DIADI15" rev="15">
<attrib name="value" value="1"/></item>
<item name="DIADI2" rev="15">
<attrib name="value" value="1"/></item>
<item name="DIADI3" rev="15">
<attrib name="value" value="1"/></item>
<item name="DIADI4" rev="15">
<attrib name="value" value="1"/></item>
<item name="DIADI5" rev="15">
<attrib name="value" value="1"/></item>
<item name="DIADI6" rev="15">
<attrib name="value" value="1"/></item>
<item name="DIADI7" rev="15">
<attrib name="value" value="1"/></item>
<item name="DIADI8" rev="15">
<attrib name="value" value="1"/></item>
<item name="DIADI9" rev="15">
<attrib name="value" value="1"/></item>
<item name="DIBDI0" rev="15">
<attrib name="value" value="1"/></item>
<item name="DIBDI1" rev="15">
<attrib name="value" value="1"/></item>
<item name="DIBDI10" rev="15">
<attrib name="value" value="1"/></item>
<item name="DIBDI11" rev="15">
<attrib name="value" value="1"/></item>
<item name="DIBDI12" rev="15">
<attrib name="value" value="1"/></item>
<item name="DIBDI13" rev="15">
<attrib name="value" value="1"/></item>
<item name="DIBDI14" rev="15">
<attrib name="value" value="1"/></item>
<item name="DIBDI15" rev="15">
<attrib name="value" value="1"/></item>
<item name="DIBDI2" rev="15">
<attrib name="value" value="1"/></item>
<item name="DIBDI3" rev="15">
<attrib name="value" value="1"/></item>
<item name="DIBDI4" rev="15">
<attrib name="value" value="1"/></item>
<item name="DIBDI5" rev="15">
<attrib name="value" value="1"/></item>
<item name="DIBDI6" rev="15">
<attrib name="value" value="1"/></item>
<item name="DIBDI7" rev="15">
<attrib name="value" value="1"/></item>
<item name="DIBDI8" rev="15">
<attrib name="value" value="1"/></item>
<item name="DIBDI9" rev="15">
<attrib name="value" value="1"/></item>
<item name="DIPADIP0" rev="15">
<attrib name="value" value="1"/></item>
<item name="DIPADIP1" rev="15">
<attrib name="value" value="1"/></item>
<item name="DIPBDIP0" rev="15">
<attrib name="value" value="1"/></item>
<item name="DIPBDIP1" rev="15">
<attrib name="value" value="1"/></item>
<item name="DOADO0" rev="15">
<attrib name="value" value="1"/></item>
<item name="DOADO1" rev="15">
<attrib name="value" value="1"/></item>
<item name="DOADO2" rev="15">
<attrib name="value" value="1"/></item>
<item name="DOADO3" rev="15">
<attrib name="value" value="1"/></item>
<item name="DOADO4" rev="15">
<attrib name="value" value="1"/></item>
<item name="DOADO5" rev="15">
<attrib name="value" value="1"/></item>
<item name="DOADO6" rev="15">
<attrib name="value" value="1"/></item>
<item name="DOADO7" rev="15">
<attrib name="value" value="1"/></item>
<item name="ENAWREN" rev="15">
<attrib name="value" value="1"/></item>
<item name="ENBRDEN" rev="15">
<attrib name="value" value="1"/></item>
<item name="REGCEA" rev="15">
<attrib name="value" value="1"/></item>
<item name="REGCEBREGCE" rev="15">
<attrib name="value" value="1"/></item>
<item name="RSTA" rev="15">
<attrib name="value" value="1"/></item>
<item name="RSTBRST" rev="15">
<attrib name="value" value="1"/></item>
<item name="WEAWEL0" rev="15">
<attrib name="value" value="1"/></item>
<item name="WEAWEL1" rev="15">
<attrib name="value" value="1"/></item>
<item name="WEBWEU0" rev="15">
<attrib name="value" value="1"/></item>
<item name="WEBWEU1" rev="15">
<attrib name="value" value="1"/></item>
</group>
<group name="CARRY4">
<item name="CIN" rev="15">
<attrib name="value" value="4"/></item>
<item name="CO3" rev="15">
<attrib name="value" value="4"/></item>
<item name="CYINIT" rev="15">
<attrib name="value" value="2"/></item>
<item name="DI0" rev="15">
<attrib name="value" value="6"/></item>
<item name="DI1" rev="15">
<attrib name="value" value="5"/></item>
<item name="DI2" rev="15">
<attrib name="value" value="4"/></item>
<item name="DI3" rev="15">
<attrib name="value" value="4"/></item>
<item name="O0" rev="15">
<attrib name="value" value="6"/></item>
<item name="O1" rev="15">
<attrib name="value" value="6"/></item>
<item name="O2" rev="15">
<attrib name="value" value="5"/></item>
<item name="O3" rev="15">
<attrib name="value" value="4"/></item>
<item name="S0" rev="15">
<attrib name="value" value="6"/></item>
<item name="S1" rev="15">
<attrib name="value" value="6"/></item>
<item name="S2" rev="15">
<attrib name="value" value="5"/></item>
<item name="S3" rev="15">
<attrib name="value" value="4"/></item>
</group>
<group name="LUT5">
<item name="A1" rev="15">
<attrib name="value" value="1"/></item>
<item name="A2" rev="15">
<attrib name="value" value="1"/></item>
<item name="A3" rev="15">
<attrib name="value" value="1"/></item>
<item name="A4" rev="15">
<attrib name="value" value="1"/></item>
<item name="A5" rev="15">
<attrib name="value" value="2"/></item>
<item name="O5" rev="15">
<attrib name="value" value="21"/></item>
</group>
<group name="LUT6">
<item name="A1" rev="15">
<attrib name="value" value="21"/></item>
<item name="A2" rev="15">
<attrib name="value" value="39"/></item>
<item name="A3" rev="15">
<attrib name="value" value="42"/></item>
<item name="A4" rev="15">
<attrib name="value" value="68"/></item>
<item name="A5" rev="15">
<attrib name="value" value="69"/></item>
<item name="A6" rev="15">
<attrib name="value" value="73"/></item>
<item name="O6" rev="15">
<attrib name="value" value="73"/></item>
</group>
<group name="RAMB16BWER_RAMB16BWER">
<item name="ADDRA0" rev="15">
<attrib name="value" value="8"/></item>
<item name="ADDRA1" rev="15">
<attrib name="value" value="8"/></item>
<item name="ADDRA10" rev="15">
<attrib name="value" value="8"/></item>
<item name="ADDRA11" rev="15">
<attrib name="value" value="8"/></item>
<item name="ADDRA12" rev="15">
<attrib name="value" value="8"/></item>
<item name="ADDRA13" rev="15">
<attrib name="value" value="8"/></item>
<item name="ADDRA2" rev="15">
<attrib name="value" value="8"/></item>
<item name="ADDRA3" rev="15">
<attrib name="value" value="8"/></item>
<item name="ADDRA4" rev="15">
<attrib name="value" value="8"/></item>
<item name="ADDRA5" rev="15">
<attrib name="value" value="8"/></item>
<item name="ADDRA6" rev="15">
<attrib name="value" value="8"/></item>
<item name="ADDRA7" rev="15">
<attrib name="value" value="8"/></item>
<item name="ADDRA8" rev="15">
<attrib name="value" value="8"/></item>
<item name="ADDRA9" rev="15">
<attrib name="value" value="8"/></item>
<item name="ADDRB0" rev="15">
<attrib name="value" value="8"/></item>
<item name="ADDRB1" rev="15">
<attrib name="value" value="8"/></item>
<item name="ADDRB10" rev="15">
<attrib name="value" value="8"/></item>
<item name="ADDRB11" rev="15">
<attrib name="value" value="8"/></item>
<item name="ADDRB12" rev="15">
<attrib name="value" value="8"/></item>
<item name="ADDRB13" rev="15">
<attrib name="value" value="8"/></item>
<item name="ADDRB2" rev="15">
<attrib name="value" value="8"/></item>
<item name="ADDRB3" rev="15">
<attrib name="value" value="8"/></item>
<item name="ADDRB4" rev="15">
<attrib name="value" value="8"/></item>
<item name="ADDRB5" rev="15">
<attrib name="value" value="8"/></item>
<item name="ADDRB6" rev="15">
<attrib name="value" value="8"/></item>
<item name="ADDRB7" rev="15">
<attrib name="value" value="8"/></item>
<item name="ADDRB8" rev="15">
<attrib name="value" value="8"/></item>
<item name="ADDRB9" rev="15">
<attrib name="value" value="8"/></item>
<item name="CLKA" rev="15">
<attrib name="value" value="8"/></item>
<item name="CLKB" rev="15">
<attrib name="value" value="8"/></item>
<item name="DIA0" rev="15">
<attrib name="value" value="8"/></item>
<item name="DIA1" rev="15">
<attrib name="value" value="8"/></item>
<item name="DIA10" rev="15">
<attrib name="value" value="8"/></item>
<item name="DIA11" rev="15">
<attrib name="value" value="8"/></item>
<item name="DIA12" rev="15">
<attrib name="value" value="8"/></item>
<item name="DIA13" rev="15">
<attrib name="value" value="8"/></item>
<item name="DIA14" rev="15">
<attrib name="value" value="8"/></item>
<item name="DIA15" rev="15">
<attrib name="value" value="8"/></item>
<item name="DIA16" rev="15">
<attrib name="value" value="8"/></item>
<item name="DIA17" rev="15">
<attrib name="value" value="8"/></item>
<item name="DIA18" rev="15">
<attrib name="value" value="8"/></item>
<item name="DIA19" rev="15">
<attrib name="value" value="8"/></item>
<item name="DIA2" rev="15">
<attrib name="value" value="8"/></item>
<item name="DIA20" rev="15">
<attrib name="value" value="8"/></item>
<item name="DIA21" rev="15">
<attrib name="value" value="8"/></item>
<item name="DIA22" rev="15">
<attrib name="value" value="8"/></item>
<item name="DIA23" rev="15">
<attrib name="value" value="8"/></item>
<item name="DIA24" rev="15">
<attrib name="value" value="8"/></item>
<item name="DIA25" rev="15">
<attrib name="value" value="8"/></item>
<item name="DIA26" rev="15">
<attrib name="value" value="8"/></item>
<item name="DIA27" rev="15">
<attrib name="value" value="8"/></item>
<item name="DIA28" rev="15">
<attrib name="value" value="8"/></item>
<item name="DIA29" rev="15">
<attrib name="value" value="8"/></item>
<item name="DIA3" rev="15">
<attrib name="value" value="8"/></item>
<item name="DIA30" rev="15">
<attrib name="value" value="8"/></item>
<item name="DIA31" rev="15">
<attrib name="value" value="8"/></item>
<item name="DIA4" rev="15">
<attrib name="value" value="8"/></item>
<item name="DIA5" rev="15">
<attrib name="value" value="8"/></item>
<item name="DIA6" rev="15">
<attrib name="value" value="8"/></item>
<item name="DIA7" rev="15">
<attrib name="value" value="8"/></item>
<item name="DIA8" rev="15">
<attrib name="value" value="8"/></item>
<item name="DIA9" rev="15">
<attrib name="value" value="8"/></item>
<item name="DIB0" rev="15">
<attrib name="value" value="8"/></item>
<item name="DIB1" rev="15">
<attrib name="value" value="8"/></item>
<item name="DIB10" rev="15">
<attrib name="value" value="8"/></item>
<item name="DIB11" rev="15">
<attrib name="value" value="8"/></item>
<item name="DIB12" rev="15">
<attrib name="value" value="8"/></item>
<item name="DIB13" rev="15">
<attrib name="value" value="8"/></item>
<item name="DIB14" rev="15">
<attrib name="value" value="8"/></item>
<item name="DIB15" rev="15">
<attrib name="value" value="8"/></item>
<item name="DIB16" rev="15">
<attrib name="value" value="8"/></item>
<item name="DIB17" rev="15">
<attrib name="value" value="8"/></item>
<item name="DIB18" rev="15">
<attrib name="value" value="8"/></item>
<item name="DIB19" rev="15">
<attrib name="value" value="8"/></item>
<item name="DIB2" rev="15">
<attrib name="value" value="8"/></item>
<item name="DIB20" rev="15">
<attrib name="value" value="8"/></item>
<item name="DIB21" rev="15">
<attrib name="value" value="8"/></item>
<item name="DIB22" rev="15">
<attrib name="value" value="8"/></item>
<item name="DIB23" rev="15">
<attrib name="value" value="8"/></item>
<item name="DIB24" rev="15">
<attrib name="value" value="8"/></item>
<item name="DIB25" rev="15">
<attrib name="value" value="8"/></item>
<item name="DIB26" rev="15">
<attrib name="value" value="8"/></item>
<item name="DIB27" rev="15">
<attrib name="value" value="8"/></item>
<item name="DIB28" rev="15">
<attrib name="value" value="8"/></item>
<item name="DIB29" rev="15">
<attrib name="value" value="8"/></item>
<item name="DIB3" rev="15">
<attrib name="value" value="8"/></item>
<item name="DIB30" rev="15">
<attrib name="value" value="8"/></item>
<item name="DIB31" rev="15">
<attrib name="value" value="8"/></item>
<item name="DIB4" rev="15">
<attrib name="value" value="8"/></item>
<item name="DIB5" rev="15">
<attrib name="value" value="8"/></item>
<item name="DIB6" rev="15">
<attrib name="value" value="8"/></item>
<item name="DIB7" rev="15">
<attrib name="value" value="8"/></item>
<item name="DIB8" rev="15">
<attrib name="value" value="8"/></item>
<item name="DIB9" rev="15">
<attrib name="value" value="8"/></item>
<item name="DIPA0" rev="15">
<attrib name="value" value="8"/></item>
<item name="DIPA1" rev="15">
<attrib name="value" value="8"/></item>
<item name="DIPA2" rev="15">
<attrib name="value" value="8"/></item>
<item name="DIPA3" rev="15">
<attrib name="value" value="8"/></item>
<item name="DIPB0" rev="15">
<attrib name="value" value="8"/></item>
<item name="DIPB1" rev="15">
<attrib name="value" value="8"/></item>
<item name="DIPB2" rev="15">
<attrib name="value" value="8"/></item>
<item name="DIPB3" rev="15">
<attrib name="value" value="8"/></item>
<item name="DOA0" rev="15">
<attrib name="value" value="8"/></item>
<item name="ENA" rev="15">
<attrib name="value" value="8"/></item>
<item name="ENB" rev="15">
<attrib name="value" value="8"/></item>
<item name="REGCEA" rev="15">
<attrib name="value" value="8"/></item>
<item name="REGCEB" rev="15">
<attrib name="value" value="8"/></item>
<item name="RSTA" rev="15">
<attrib name="value" value="8"/></item>
<item name="RSTB" rev="15">
<attrib name="value" value="8"/></item>
<item name="WEA0" rev="15">
<attrib name="value" value="8"/></item>
<item name="WEA1" rev="15">
<attrib name="value" value="8"/></item>
<item name="WEA2" rev="15">
<attrib name="value" value="8"/></item>
<item name="WEA3" rev="15">
<attrib name="value" value="8"/></item>
<item name="WEB0" rev="15">
<attrib name="value" value="8"/></item>
<item name="WEB1" rev="15">
<attrib name="value" value="8"/></item>
<item name="WEB2" rev="15">
<attrib name="value" value="8"/></item>
<item name="WEB3" rev="15">
<attrib name="value" value="8"/></item>
</group>
<group name="SELMUX2_1">
<item name="0" rev="13">
<attrib name="value" value="1"/></item>
<item name="1" rev="13">
<attrib name="value" value="1"/></item>
<item name="OUT" rev="13">
<attrib name="value" value="1"/></item>
<item name="S0" rev="13">
<attrib name="value" value="1"/></item>
</group>
<group name="IOB_IMUX">
<item name="I" rev="15">
<attrib name="value" value="2"/></item>
<item name="OUT" rev="15">
<attrib name="value" value="2"/></item>
</group>
<group name="IOB">
<item name="I" rev="15">
<attrib name="value" value="2"/></item>
<item name="O" rev="15">
<attrib name="value" value="10"/></item>
<item name="PAD" rev="15">
<attrib name="value" value="12"/></item>
</group>
<group name="HARD0">
<item name="0" rev="11">
<attrib name="value" value="2"/></item>
</group>
<group name="FF_SR">
<item name="CK" rev="15">
<attrib name="value" value="1"/></item>
<item name="D" rev="15">
<attrib name="value" value="1"/></item>
<item name="Q" rev="15">
<attrib name="value" value="1"/></item>
</group>
<group name="BUFG">
<item name="I0" rev="15">
<attrib name="value" value="2"/></item>
<item name="O" rev="15">
<attrib name="value" value="2"/></item>
</group>
<group name="RAMB8BWER_RAMB8BWER">
<item name="ADDRAWRADDR0" rev="15">
<attrib name="value" value="1"/></item>
<item name="ADDRAWRADDR1" rev="15">
<attrib name="value" value="1"/></item>
<item name="ADDRAWRADDR10" rev="15">
<attrib name="value" value="1"/></item>
<item name="ADDRAWRADDR11" rev="15">
<attrib name="value" value="1"/></item>
<item name="ADDRAWRADDR12" rev="15">
<attrib name="value" value="1"/></item>
<item name="ADDRAWRADDR2" rev="15">
<attrib name="value" value="1"/></item>
<item name="ADDRAWRADDR3" rev="15">
<attrib name="value" value="1"/></item>
<item name="ADDRAWRADDR4" rev="15">
<attrib name="value" value="1"/></item>
<item name="ADDRAWRADDR5" rev="15">
<attrib name="value" value="1"/></item>
<item name="ADDRAWRADDR6" rev="15">
<attrib name="value" value="1"/></item>
<item name="ADDRAWRADDR7" rev="15">
<attrib name="value" value="1"/></item>
<item name="ADDRAWRADDR8" rev="15">
<attrib name="value" value="1"/></item>
<item name="ADDRAWRADDR9" rev="15">
<attrib name="value" value="1"/></item>
<item name="ADDRBRDADDR0" rev="15">
<attrib name="value" value="1"/></item>
<item name="ADDRBRDADDR1" rev="15">
<attrib name="value" value="1"/></item>
<item name="ADDRBRDADDR10" rev="15">
<attrib name="value" value="1"/></item>
<item name="ADDRBRDADDR11" rev="15">
<attrib name="value" value="1"/></item>
<item name="ADDRBRDADDR12" rev="15">
<attrib name="value" value="1"/></item>
<item name="ADDRBRDADDR2" rev="15">
<attrib name="value" value="1"/></item>
<item name="ADDRBRDADDR3" rev="15">
<attrib name="value" value="1"/></item>
<item name="ADDRBRDADDR4" rev="15">
<attrib name="value" value="1"/></item>
<item name="ADDRBRDADDR5" rev="15">
<attrib name="value" value="1"/></item>
<item name="ADDRBRDADDR6" rev="15">
<attrib name="value" value="1"/></item>
<item name="ADDRBRDADDR7" rev="15">
<attrib name="value" value="1"/></item>
<item name="ADDRBRDADDR8" rev="15">
<attrib name="value" value="1"/></item>
<item name="ADDRBRDADDR9" rev="15">
<attrib name="value" value="1"/></item>
<item name="CLKAWRCLK" rev="15">
<attrib name="value" value="1"/></item>
<item name="CLKBRDCLK" rev="15">
<attrib name="value" value="1"/></item>
<item name="DIADI0" rev="15">
<attrib name="value" value="1"/></item>
<item name="DIADI1" rev="15">
<attrib name="value" value="1"/></item>
<item name="DIADI10" rev="15">
<attrib name="value" value="1"/></item>
<item name="DIADI11" rev="15">
<attrib name="value" value="1"/></item>
<item name="DIADI12" rev="15">
<attrib name="value" value="1"/></item>
<item name="DIADI13" rev="15">
<attrib name="value" value="1"/></item>
<item name="DIADI14" rev="15">
<attrib name="value" value="1"/></item>
<item name="DIADI15" rev="15">
<attrib name="value" value="1"/></item>
<item name="DIADI2" rev="15">
<attrib name="value" value="1"/></item>
<item name="DIADI3" rev="15">
<attrib name="value" value="1"/></item>
<item name="DIADI4" rev="15">
<attrib name="value" value="1"/></item>
<item name="DIADI5" rev="15">
<attrib name="value" value="1"/></item>
<item name="DIADI6" rev="15">
<attrib name="value" value="1"/></item>
<item name="DIADI7" rev="15">
<attrib name="value" value="1"/></item>
<item name="DIADI8" rev="15">
<attrib name="value" value="1"/></item>
<item name="DIADI9" rev="15">
<attrib name="value" value="1"/></item>
<item name="DIBDI0" rev="15">
<attrib name="value" value="1"/></item>
<item name="DIBDI1" rev="15">
<attrib name="value" value="1"/></item>
<item name="DIBDI10" rev="15">
<attrib name="value" value="1"/></item>
<item name="DIBDI11" rev="15">
<attrib name="value" value="1"/></item>
<item name="DIBDI12" rev="15">
<attrib name="value" value="1"/></item>
<item name="DIBDI13" rev="15">
<attrib name="value" value="1"/></item>
<item name="DIBDI14" rev="15">
<attrib name="value" value="1"/></item>
<item name="DIBDI15" rev="15">
<attrib name="value" value="1"/></item>
<item name="DIBDI2" rev="15">
<attrib name="value" value="1"/></item>
<item name="DIBDI3" rev="15">
<attrib name="value" value="1"/></item>
<item name="DIBDI4" rev="15">
<attrib name="value" value="1"/></item>
<item name="DIBDI5" rev="15">
<attrib name="value" value="1"/></item>
<item name="DIBDI6" rev="15">
<attrib name="value" value="1"/></item>
<item name="DIBDI7" rev="15">
<attrib name="value" value="1"/></item>
<item name="DIBDI8" rev="15">
<attrib name="value" value="1"/></item>
<item name="DIBDI9" rev="15">
<attrib name="value" value="1"/></item>
<item name="DIPADIP0" rev="15">
<attrib name="value" value="1"/></item>
<item name="DIPADIP1" rev="15">
<attrib name="value" value="1"/></item>
<item name="DIPBDIP0" rev="15">
<attrib name="value" value="1"/></item>
<item name="DIPBDIP1" rev="15">
<attrib name="value" value="1"/></item>
<item name="DOADO0" rev="15">
<attrib name="value" value="1"/></item>
<item name="DOADO1" rev="15">
<attrib name="value" value="1"/></item>
<item name="DOADO2" rev="15">
<attrib name="value" value="1"/></item>
<item name="DOADO3" rev="15">
<attrib name="value" value="1"/></item>
<item name="DOADO4" rev="15">
<attrib name="value" value="1"/></item>
<item name="DOADO5" rev="15">
<attrib name="value" value="1"/></item>
<item name="DOADO6" rev="15">
<attrib name="value" value="1"/></item>
<item name="DOADO7" rev="15">
<attrib name="value" value="1"/></item>
<item name="ENAWREN" rev="15">
<attrib name="value" value="1"/></item>
<item name="ENBRDEN" rev="15">
<attrib name="value" value="1"/></item>
<item name="REGCEA" rev="15">
<attrib name="value" value="1"/></item>
<item name="REGCEBREGCE" rev="15">
<attrib name="value" value="1"/></item>
<item name="RSTA" rev="15">
<attrib name="value" value="1"/></item>
<item name="RSTBRST" rev="15">
<attrib name="value" value="1"/></item>
<item name="WEAWEL0" rev="15">
<attrib name="value" value="1"/></item>
<item name="WEAWEL1" rev="15">
<attrib name="value" value="1"/></item>
<item name="WEBWEU0" rev="15">
<attrib name="value" value="1"/></item>
<item name="WEBWEU1" rev="15">
<attrib name="value" value="1"/></item>
</group>
</ReportPinData>
<CmdHistory>
</CmdHistory>
</DeviceUsageSummary>
